{"cameraMode":{"drawMode":0,"name":"Shaded","section":"Shading Mode"},"sceneLighting":false,"audioPlay":false,"sceneViewState":{"showFog":true,"showMaterialUpdate":false,"showSkybox":false,"showFlares":true,"showImageEffects":true,"showParticleSystems":true},"in2DMode":false,"pivot":{"x":-0.4349763095378876,"y":-0.1966288983821869,"z":0.7929389476776123},"rotation":{"x":0.13421203196048737,"y":0.07424803078174591,"z":-0.010084803216159344,"w":0.988116443157196},"size":2.53627872467041,"orthographic":false}