{"cameraMode":{"drawMode":0,"name":"Shaded","section":"Shading Mode"},"sceneLighting":true,"audioPlay":false,"sceneViewState":{"showFog":true,"showMaterialUpdate":false,"showSkybox":false,"showFlares":true,"showImageEffects":true,"showParticleSystems":true},"in2DMode":false,"pivot":{"x":0.6200001239776611,"y":2.3435001373291017,"z":-1.4797024726867676},"rotation":{"x":0.07491428405046463,"y":0.020343195647001268,"z":-0.0015284742694348097,"w":0.9969823360443115},"size":49.517051696777347,"orthographic":false}