{"cameraMode":{"drawMode":0,"name":"Shaded","section":"Shading Mode"},"sceneLighting":false,"audioPlay":false,"sceneViewState":{"showFog":true,"showMaterialUpdate":false,"showSkybox":false,"showFlares":true,"showImageEffects":true,"showParticleSystems":true},"in2DMode":false,"pivot":{"x":0.763274073600769,"y":0.2997838854789734,"z":0.3882737159729004},"rotation":{"x":0.017918726429343225,"y":-0.09434416145086289,"z":0.0016983787063509226,"w":0.9953771233558655},"size":2.5438830852508547,"orthographic":false}